what,kind,bundleId,bundleVersion,description,time
executed,command,org.eclipse.ui.ide,3.7.0.v20110809-1737,"org.eclipse.ui.project.buildAll",1564468393603
deactivated,workbench,org.eclipse.ui.workbench,3.7.0.I20110519-0100,"",1564468395923
activated,workbench,org.eclipse.ui.workbench,3.7.0.I20110519-0100,"",1564468424456
executed,command,org.eclipse.ui,3.7.0.I20110602-0100,"org.eclipse.ui.edit.selectAll",1564468427481
executed,command,org.eclipse.ui,3.7.0.I20110602-0100,"org.eclipse.ui.edit.paste",1564468427809
executed,command,org.eclipse.ui,3.7.0.I20110602-0100,"org.eclipse.ui.edit.undo",1564468428639
executed,command,org.eclipse.ui,3.7.0.I20110602-0100,"org.eclipse.ui.edit.copy",1564468429815
deactivated,workbench,org.eclipse.ui.workbench,3.7.0.I20110519-0100,"",1564468432854
activated,workbench,org.eclipse.ui.workbench,3.7.0.I20110519-0100,"",1564468491150
executed,command,org.eclipse.ui,3.7.0.I20110602-0100,"org.eclipse.ui.edit.cut",1564468574040
executed,command,org.eclipse.ui,3.7.0.I20110602-0100,"org.eclipse.ui.edit.paste",1564468584269
executed,command,org.eclipse.ui,3.7.0.I20110602-0100,"org.eclipse.ui.file.save",1564468585523
executed,command,org.eclipse.ui,3.7.0.I20110602-0100,"org.eclipse.ui.edit.copy",1564468718381
executed,command,org.eclipse.ui,3.7.0.I20110602-0100,"org.eclipse.ui.edit.copy",1564468729879
executed,command,org.eclipse.ui,3.7.0.I20110602-0100,"org.eclipse.ui.edit.paste",1564468731493
executed,command,org.eclipse.ui.workbench.texteditor,3.7.0.v20110505-0800,"org.eclipse.ui.edit.text.shiftLeft",1564468733920
executed,command,org.eclipse.ui,3.7.0.I20110602-0100,"org.eclipse.ui.edit.delete",1564468743094
executed,command,org.eclipse.ui,3.7.0.I20110602-0100,"org.eclipse.ui.file.save",1564468744254
executed,command,org.eclipse.ui,3.7.0.I20110602-0100,"org.eclipse.ui.edit.copy",1564468747371
deactivated,workbench,org.eclipse.ui.workbench,3.7.0.I20110519-0100,"",1564468773943
activated,workbench,org.eclipse.ui.workbench,3.7.0.I20110519-0100,"",1564468778360
activated,editor,org.eclipse.cdt.ui,5.3.1.201109151620,"org.eclipse.cdt.ui.editor.CEditor",1564468780961
deactivated,workbench,org.eclipse.ui.workbench,3.7.0.I20110519-0100,"",1564468784158
activated,workbench,org.eclipse.ui.workbench,3.7.0.I20110519-0100,"",1564468789185
executed,command,org.eclipse.cdt.ui,5.3.1.201109151620,"org.eclipse.cdt.ui.edit.opendecl",1564468797520
opened,editor,org.eclipse.cdt.ui,5.3.1.201109151620,"org.eclipse.cdt.ui.editor.CEditor",1564468797583
activated,editor,org.eclipse.cdt.ui,5.3.1.201109151620,"org.eclipse.cdt.ui.editor.CEditor",1564468797599
deactivated,workbench,org.eclipse.ui.workbench,3.7.0.I20110519-0100,"",1564468927254
activated,workbench,org.eclipse.ui.workbench,3.7.0.I20110519-0100,"",1564470087602
activated,editor,org.eclipse.cdt.ui,5.3.1.201109151620,"org.eclipse.cdt.ui.editor.CEditor",1564470090515
executed,command,org.eclipse.ui,3.7.0.I20110602-0100,"org.eclipse.ui.file.save",1564470096093
executed,command,org.eclipse.ui,3.7.0.I20110602-0100,"org.eclipse.ui.edit.copy",1564470138816
executed,command,org.eclipse.ui,3.7.0.I20110602-0100,"org.eclipse.ui.edit.paste",1564470140208
executed,command,org.eclipse.ui.workbench.texteditor,3.7.0.v20110505-0800,"org.eclipse.ui.edit.text.goto.lineStart",1564470142653
executed,command,org.eclipse.ui,3.7.0.I20110602-0100,"org.eclipse.ui.edit.copy",1564470157612
executed,command,org.eclipse.ui,3.7.0.I20110602-0100,"org.eclipse.ui.edit.paste",1564470159272
executed,command,org.eclipse.ui,3.7.0.I20110602-0100,"org.eclipse.ui.edit.paste",1564470168641
executed,command,org.eclipse.ui,3.7.0.I20110602-0100,"org.eclipse.ui.edit.paste",1564470169941
executed,command,org.eclipse.ui,3.7.0.I20110602-0100,"org.eclipse.ui.edit.paste",1564470170913
executed,command,org.eclipse.cdt.ui,5.3.1.201109151620,"org.eclipse.cdt.ui.edit.opendecl",1564470172636
executed,command,org.eclipse.cdt.ui,5.3.1.201109151620,"org.eclipse.cdt.ui.edit.opendecl",1564470173325
executed,command,org.eclipse.cdt.ui,5.3.1.201109151620,"org.eclipse.cdt.ui.edit.opendecl",1564470186332
executed,command,org.eclipse.cdt.ui,5.3.1.201109151620,"org.eclipse.cdt.ui.edit.opendecl",1564470211650
executed,command,org.eclipse.ui,3.7.0.I20110602-0100,"org.eclipse.ui.file.save",1564470239284
executed,command,org.eclipse.ui,3.7.0.I20110602-0100,"org.eclipse.ui.edit.delete",1564470262422
executed,command,org.eclipse.ui,3.7.0.I20110602-0100,"org.eclipse.ui.file.save",1564470263645
executed,command,org.eclipse.ui,3.7.0.I20110602-0100,"org.eclipse.ui.file.save",1564470272582
executed,command,org.eclipse.ui,3.7.0.I20110602-0100,"org.eclipse.ui.file.save",1564470346665
executed,command,org.eclipse.ui.ide,3.7.0.v20110809-1737,"org.eclipse.ui.project.buildAll",1564470346978
deactivated,workbench,org.eclipse.ui.workbench,3.7.0.I20110519-0100,"",1564470350203
activated,workbench,org.eclipse.ui.workbench,3.7.0.I20110519-0100,"",1564470351866
deactivated,workbench,org.eclipse.ui.workbench,3.7.0.I20110519-0100,"",1564470354890
activated,workbench,org.eclipse.ui.workbench,3.7.0.I20110519-0100,"",1564470424513
deactivated,workbench,org.eclipse.ui.workbench,3.7.0.I20110519-0100,"",1564470593260
activated,workbench,org.eclipse.ui.workbench,3.7.0.I20110519-0100,"",1564470596879
executed,command,org.eclipse.ui,3.7.0.I20110602-0100,"org.eclipse.ui.file.save",1564470768211
executed,command,org.eclipse.ui.workbench.texteditor,3.7.0.v20110505-0800,"org.eclipse.ui.edit.text.goto.lineEnd",1564470846935
executed,command,org.eclipse.ui,3.7.0.I20110602-0100,"org.eclipse.ui.edit.undo",1564470849786
executed,command,org.eclipse.ui,3.7.0.I20110602-0100,"org.eclipse.ui.edit.copy",1564470852998
executed,command,org.eclipse.ui,3.7.0.I20110602-0100,"org.eclipse.ui.edit.paste",1564470854143
executed,command,org.eclipse.ui,3.7.0.I20110602-0100,"org.eclipse.ui.edit.copy",1564470860518
executed,command,org.eclipse.ui,3.7.0.I20110602-0100,"org.eclipse.ui.edit.paste",1564470861599
executed,command,org.eclipse.ui,3.7.0.I20110602-0100,"org.eclipse.ui.file.save",1564470920251
executed,command,org.eclipse.ui,3.7.0.I20110602-0100,"org.eclipse.ui.edit.copy",1564470921303
executed,command,org.eclipse.ui,3.7.0.I20110602-0100,"org.eclipse.ui.edit.paste",1564470930171
executed,command,org.eclipse.ui,3.7.0.I20110602-0100,"org.eclipse.ui.file.save",1564470931659
executed,command,org.eclipse.ui,3.7.0.I20110602-0100,"org.eclipse.ui.edit.copy",1564470939211
executed,command,org.eclipse.ui,3.7.0.I20110602-0100,"org.eclipse.ui.edit.copy",1564470950192
executed,command,org.eclipse.ui,3.7.0.I20110602-0100,"org.eclipse.ui.edit.paste",1564470955315
executed,command,org.eclipse.ui,3.7.0.I20110602-0100,"org.eclipse.ui.file.save",1564470956569
executed,command,org.eclipse.ui.ide,3.7.0.v20110809-1737,"org.eclipse.ui.project.buildAll",1564470966565
deactivated,workbench,org.eclipse.ui.workbench,3.7.0.I20110519-0100,"",1564470968677
activated,workbench,org.eclipse.ui.workbench,3.7.0.I20110519-0100,"",1564471008251
executed,command,org.eclipse.ui,3.7.0.I20110602-0100,"org.eclipse.ui.edit.cut",1564471028740
executed,command,org.eclipse.ui,3.7.0.I20110602-0100,"org.eclipse.ui.edit.paste",1564471032328
executed,command,org.eclipse.ui,3.7.0.I20110602-0100,"org.eclipse.ui.file.save",1564471035398
executed,command,org.eclipse.ui.ide,3.7.0.v20110809-1737,"org.eclipse.ui.project.buildAll",1564471036212
deactivated,workbench,org.eclipse.ui.workbench,3.7.0.I20110519-0100,"",1564471039204
activated,workbench,org.eclipse.ui.workbench,3.7.0.I20110519-0100,"",1564471053492
activated,view,org.eclipse.ui.ide,3.7.0.v20110809-1737,"org.eclipse.ui.views.ProblemView",1564471087002
activated,editor,org.eclipse.cdt.ui,5.3.1.201109151620,"org.eclipse.cdt.ui.editor.CEditor",1564471087849
executed,command,org.eclipse.ui,3.7.0.I20110602-0100,"org.eclipse.ui.edit.delete",1564471171374
executed,command,org.eclipse.ui,3.7.0.I20110602-0100,"org.eclipse.ui.file.save",1564471178832
executed,command,org.eclipse.ui.ide,3.7.0.v20110809-1737,"org.eclipse.ui.project.buildAll",1564471179428
deactivated,workbench,org.eclipse.ui.workbench,3.7.0.I20110519-0100,"",1564471184488
activated,workbench,org.eclipse.ui.workbench,3.7.0.I20110519-0100,"",1564471206091
executed,command,org.eclipse.ui,3.7.0.I20110602-0100,"org.eclipse.ui.file.save",1564471216853
executed,command,org.eclipse.ui.ide,3.7.0.v20110809-1737,"org.eclipse.ui.project.buildAll",1564471218608
deactivated,workbench,org.eclipse.ui.workbench,3.7.0.I20110519-0100,"",1564471224597
activated,workbench,org.eclipse.ui.workbench,3.7.0.I20110519-0100,"",1564471720383
executed,command,org.eclipse.ui,3.7.0.I20110602-0100,"org.eclipse.ui.edit.cut",1564471767171
executed,command,org.eclipse.ui,3.7.0.I20110602-0100,"org.eclipse.ui.edit.paste",1564471771511
executed,command,org.eclipse.ui.workbench.texteditor,3.7.0.v20110505-0800,"org.eclipse.ui.edit.text.shiftLeft",1564471772639
executed,command,org.eclipse.ui.workbench.texteditor,3.7.0.v20110505-0800,"org.eclipse.ui.edit.text.shiftLeft",1564471773610
executed,command,org.eclipse.ui,3.7.0.I20110602-0100,"org.eclipse.ui.file.save",1564471774362
executed,command,org.eclipse.ui,3.7.0.I20110602-0100,"org.eclipse.ui.edit.cut",1564471782320
executed,command,org.eclipse.ui,3.7.0.I20110602-0100,"org.eclipse.ui.edit.paste",1564471784325
executed,command,org.eclipse.ui.workbench.texteditor,3.7.0.v20110505-0800,"org.eclipse.ui.edit.text.shiftLeft",1564471785360
executed,command,org.eclipse.ui.workbench.texteditor,3.7.0.v20110505-0800,"org.eclipse.ui.edit.text.shiftLeft",1564471785782
executed,command,org.eclipse.ui,3.7.0.I20110602-0100,"org.eclipse.ui.edit.copy",1564471790059
executed,command,org.eclipse.ui,3.7.0.I20110602-0100,"org.eclipse.ui.edit.paste",1564471793036
executed,command,org.eclipse.ui.workbench.texteditor,3.7.0.v20110505-0800,"org.eclipse.ui.edit.text.shiftLeft",1564471795512
executed,command,org.eclipse.ui,3.7.0.I20110602-0100,"org.eclipse.ui.edit.copy",1564471798300
executed,command,org.eclipse.ui,3.7.0.I20110602-0100,"org.eclipse.ui.edit.paste",1564471799351
executed,command,org.eclipse.ui,3.7.0.I20110602-0100,"org.eclipse.ui.edit.paste",1564471799900
executed,command,org.eclipse.ui,3.7.0.I20110602-0100,"org.eclipse.ui.edit.paste",1564471800698
executed,command,org.eclipse.ui,3.7.0.I20110602-0100,"org.eclipse.ui.edit.paste",1564471801201
executed,command,org.eclipse.ui,3.7.0.I20110602-0100,"org.eclipse.ui.file.save",1564471861912
deactivated,workbench,org.eclipse.ui.workbench,3.7.0.I20110519-0100,"",1564471880479
activated,workbench,org.eclipse.ui.workbench,3.7.0.I20110519-0100,"",1564471888749
executed,command,org.eclipse.ui.ide,3.7.0.v20110809-1737,"org.eclipse.ui.project.buildAll",1564471889862
deactivated,workbench,org.eclipse.ui.workbench,3.7.0.I20110519-0100,"",1564471892870
activated,workbench,org.eclipse.ui.workbench,3.7.0.I20110519-0100,"",1564471907627
executed,command,org.eclipse.ui,3.7.0.I20110602-0100,"org.eclipse.ui.edit.copy",1564471920521
executed,command,org.eclipse.ui,3.7.0.I20110602-0100,"org.eclipse.ui.edit.paste",1564471922118
executed,command,org.eclipse.ui,3.7.0.I20110602-0100,"org.eclipse.ui.edit.copy",1564471928919
executed,command,org.eclipse.ui,3.7.0.I20110602-0100,"org.eclipse.ui.edit.copy",1564471931643
executed,command,org.eclipse.ui,3.7.0.I20110602-0100,"org.eclipse.ui.edit.paste",1564471932269
executed,command,org.eclipse.ui,3.7.0.I20110602-0100,"org.eclipse.ui.file.save",1564471936406
executed,command,org.eclipse.ui,3.7.0.I20110602-0100,"org.eclipse.ui.edit.copy",1564471940620
executed,command,org.eclipse.ui,3.7.0.I20110602-0100,"org.eclipse.ui.edit.paste",1564471943219
executed,command,org.eclipse.ui,3.7.0.I20110602-0100,"org.eclipse.ui.edit.copy",1564471945333
executed,command,org.eclipse.ui,3.7.0.I20110602-0100,"org.eclipse.ui.edit.paste",1564471946164
executed,command,org.eclipse.ui,3.7.0.I20110602-0100,"org.eclipse.ui.edit.paste",1564471946759
executed,command,org.eclipse.ui,3.7.0.I20110602-0100,"org.eclipse.ui.edit.paste",1564471947353
executed,command,org.eclipse.ui,3.7.0.I20110602-0100,"org.eclipse.ui.edit.paste",1564471947979
executed,command,org.eclipse.ui,3.7.0.I20110602-0100,"org.eclipse.ui.file.save",1564471948907
executed,command,org.eclipse.ui.ide,3.7.0.v20110809-1737,"org.eclipse.ui.project.buildAll",1564471951240
deactivated,workbench,org.eclipse.ui.workbench,3.7.0.I20110519-0100,"",1564471958933
activated,workbench,org.eclipse.ui.workbench,3.7.0.I20110519-0100,"",1564472017800
executed,command,org.eclipse.ui,3.7.0.I20110602-0100,"org.eclipse.ui.file.save",1564472070983
executed,command,org.eclipse.ui,3.7.0.I20110602-0100,"org.eclipse.ui.edit.copy",1564472234427
executed,command,org.eclipse.ui,3.7.0.I20110602-0100,"org.eclipse.ui.edit.paste",1564472235962
executed,command,org.eclipse.ui,3.7.0.I20110602-0100,"org.eclipse.ui.file.save",1564472239550
executed,command,org.eclipse.ui.ide,3.7.0.v20110809-1737,"org.eclipse.ui.project.buildAll",1564472239799
deactivated,workbench,org.eclipse.ui.workbench,3.7.0.I20110519-0100,"",1564472242744
activated,workbench,org.eclipse.ui.workbench,3.7.0.I20110519-0100,"",1564472277289
executed,command,org.eclipse.ui,3.7.0.I20110602-0100,"org.eclipse.ui.file.save",1564472346251
executed,command,org.eclipse.ui.ide,3.7.0.v20110809-1737,"org.eclipse.ui.project.buildAll",1564472346502
deactivated,workbench,org.eclipse.ui.workbench,3.7.0.I20110519-0100,"",1564472350997
activated,workbench,org.eclipse.ui.workbench,3.7.0.I20110519-0100,"",1564472373135
executed,command,org.eclipse.ui,3.7.0.I20110602-0100,"org.eclipse.ui.edit.copy",1564472393298
executed,command,org.eclipse.ui,3.7.0.I20110602-0100,"org.eclipse.ui.edit.paste",1564472395270
executed,command,org.eclipse.ui,3.7.0.I20110602-0100,"org.eclipse.ui.edit.paste",1564472402848
executed,command,org.eclipse.ui,3.7.0.I20110602-0100,"org.eclipse.ui.edit.copy",1564472407515
executed,command,org.eclipse.ui,3.7.0.I20110602-0100,"org.eclipse.ui.edit.undo",1564472409019
executed,command,org.eclipse.ui,3.7.0.I20110602-0100,"org.eclipse.ui.edit.copy",1564472411870
executed,command,org.eclipse.ui,3.7.0.I20110602-0100,"org.eclipse.ui.edit.paste",1564472412983
executed,command,org.eclipse.ui,3.7.0.I20110602-0100,"org.eclipse.ui.file.save",1564472414000
executed,command,org.eclipse.ui.ide,3.7.0.v20110809-1737,"org.eclipse.ui.project.buildAll",1564472414284
deactivated,workbench,org.eclipse.ui.workbench,3.7.0.I20110519-0100,"",1564472415583
activated,workbench,org.eclipse.ui.workbench,3.7.0.I20110519-0100,"",1564472418419
executed,command,org.eclipse.ui.ide,3.7.0.v20110809-1737,"org.eclipse.ui.project.buildAll",1564472418434
executed,command,org.eclipse.ui.ide,3.7.0.v20110809-1737,"org.eclipse.ui.project.buildAll",1564472419734
deactivated,workbench,org.eclipse.ui.workbench,3.7.0.I20110519-0100,"",1564472422570
activated,workbench,org.eclipse.ui.workbench,3.7.0.I20110519-0100,"",1564472445396
executed,command,org.eclipse.ui,3.7.0.I20110602-0100,"org.eclipse.ui.edit.cut",1564472447873
executed,command,org.eclipse.ui,3.7.0.I20110602-0100,"org.eclipse.ui.edit.paste",1564472449058
executed,command,org.eclipse.ui.workbench.texteditor,3.7.0.v20110505-0800,"org.eclipse.ui.edit.text.shiftLeft",1564472450280
executed,command,org.eclipse.ui.workbench.texteditor,3.7.0.v20110505-0800,"org.eclipse.ui.edit.text.shiftLeft",1564472450688
executed,command,org.eclipse.ui,3.7.0.I20110602-0100,"org.eclipse.ui.edit.cut",1564472457503
executed,command,org.eclipse.ui,3.7.0.I20110602-0100,"org.eclipse.ui.edit.paste",1564472460620
executed,command,org.eclipse.ui.workbench.texteditor,3.7.0.v20110505-0800,"org.eclipse.ui.edit.text.shiftLeft",1564472461891
executed,command,org.eclipse.ui.workbench.texteditor,3.7.0.v20110505-0800,"org.eclipse.ui.edit.text.shiftLeft",1564472463005
executed,command,org.eclipse.ui,3.7.0.I20110602-0100,"org.eclipse.ui.file.save",1564472464650
executed,command,org.eclipse.ui.ide,3.7.0.v20110809-1737,"org.eclipse.ui.project.buildAll",1564472464930
deactivated,workbench,org.eclipse.ui.workbench,3.7.0.I20110519-0100,"",1564472466858
activated,workbench,org.eclipse.ui.workbench,3.7.0.I20110519-0100,"",1564472477872
executed,command,org.eclipse.ui,3.7.0.I20110602-0100,"org.eclipse.ui.file.save",1564472517727
executed,command,org.eclipse.ui.ide,3.7.0.v20110809-1737,"org.eclipse.ui.project.buildAll",1564472518040
deactivated,workbench,org.eclipse.ui.workbench,3.7.0.I20110519-0100,"",1564472520491
activated,workbench,org.eclipse.ui.workbench,3.7.0.I20110519-0100,"",1564472531707
executed,command,org.eclipse.ui,3.7.0.I20110602-0100,"org.eclipse.ui.file.save",1564472533665
executed,command,org.eclipse.ui,3.7.0.I20110602-0100,"org.eclipse.ui.file.save",1564472539415
deactivated,workbench,org.eclipse.ui.workbench,3.7.0.I20110519-0100,"",1564472565360
activated,workbench,org.eclipse.ui.workbench,3.7.0.I20110519-0100,"",1564472567539
executed,command,org.eclipse.ui,3.7.0.I20110602-0100,"org.eclipse.ui.file.save",1564472615291
executed,command,org.eclipse.ui,3.7.0.I20110602-0100,"org.eclipse.ui.edit.copy",1564472657543
executed,command,org.eclipse.ui,3.7.0.I20110602-0100,"org.eclipse.ui.edit.paste",1564472659187
executed,command,org.eclipse.ui,3.7.0.I20110602-0100,"org.eclipse.ui.edit.paste",1564472659720
executed,command,org.eclipse.ui,3.7.0.I20110602-0100,"org.eclipse.ui.edit.copy",1564472662368
executed,command,org.eclipse.ui,3.7.0.I20110602-0100,"org.eclipse.ui.edit.paste",1564472667756
deactivated,workbench,org.eclipse.ui.workbench,3.7.0.I20110519-0100,"",1564472667771
executed,command,org.eclipse.ui,3.7.0.I20110602-0100,"org.eclipse.ui.edit.findReplace",1564472667787
activated,workbench,org.eclipse.ui.workbench,3.7.0.I20110519-0100,"",1564472669635
executed,command,org.eclipse.ui,3.7.0.I20110602-0100,"org.eclipse.ui.edit.copy",1564472672799
executed,command,org.eclipse.ui,3.7.0.I20110602-0100,"org.eclipse.ui.edit.paste",1564472673409
executed,command,org.eclipse.ui,3.7.0.I20110602-0100,"org.eclipse.ui.edit.copy",1564472689438
executed,command,org.eclipse.ui,3.7.0.I20110602-0100,"org.eclipse.ui.edit.paste",1564472690533
executed,command,org.eclipse.ui,3.7.0.I20110602-0100,"org.eclipse.ui.file.save",1564472694389
executed,command,org.eclipse.ui.ide,3.7.0.v20110809-1737,"org.eclipse.ui.project.buildAll",1564472694716
deactivated,workbench,org.eclipse.ui.workbench,3.7.0.I20110519-0100,"",1564472699214
activated,workbench,org.eclipse.ui.workbench,3.7.0.I20110519-0100,"",1564472714725
deactivated,workbench,org.eclipse.ui.workbench,3.7.0.I20110519-0100,"",1564472722538
activated,workbench,org.eclipse.ui.workbench,3.7.0.I20110519-0100,"",1564472758021
executed,command,org.eclipse.ui,3.7.0.I20110602-0100,"org.eclipse.ui.edit.copy",1564472760521
executed,command,org.eclipse.ui,3.7.0.I20110602-0100,"org.eclipse.ui.edit.paste",1564472761900
executed,command,org.eclipse.ui,3.7.0.I20110602-0100,"org.eclipse.ui.edit.cut",1564472765221
executed,command,org.eclipse.ui,3.7.0.I20110602-0100,"org.eclipse.ui.edit.paste",1564472768433
executed,command,org.eclipse.ui,3.7.0.I20110602-0100,"org.eclipse.ui.file.save",1564472772694
executed,command,org.eclipse.ui.ide,3.7.0.v20110809-1737,"org.eclipse.ui.project.buildAll",1564472773116
deactivated,workbench,org.eclipse.ui.workbench,3.7.0.I20110519-0100,"",1564472775609
activated,workbench,org.eclipse.ui.workbench,3.7.0.I20110519-0100,"",1564472822562
executed,command,org.eclipse.ui,3.7.0.I20110602-0100,"org.eclipse.ui.edit.undo",1564472824504
executed,command,org.eclipse.ui,3.7.0.I20110602-0100,"org.eclipse.ui.edit.undo",1564472824676
executed,command,org.eclipse.ui,3.7.0.I20110602-0100,"org.eclipse.ui.edit.undo",1564472825052
executed,command,org.eclipse.ui,3.7.0.I20110602-0100,"org.eclipse.ui.edit.undo",1564472825570
executed,command,org.eclipse.ui,3.7.0.I20110602-0100,"org.eclipse.ui.edit.undo",1564472825992
executed,command,org.eclipse.ui,3.7.0.I20110602-0100,"org.eclipse.ui.file.save",1564472829831
executed,command,org.eclipse.ui.ide,3.7.0.v20110809-1737,"org.eclipse.ui.project.buildAll",1564472830254
deactivated,workbench,org.eclipse.ui.workbench,3.7.0.I20110519-0100,"",1564472836146
activated,workbench,org.eclipse.ui.workbench,3.7.0.I20110519-0100,"",1564472866280
executed,command,org.eclipse.ui,3.7.0.I20110602-0100,"org.eclipse.ui.edit.copy",1564472875239
executed,command,org.eclipse.ui,3.7.0.I20110602-0100,"org.eclipse.ui.edit.paste",1564472878471
executed,command,org.eclipse.ui,3.7.0.I20110602-0100,"org.eclipse.ui.edit.paste",1564472879041
executed,command,org.eclipse.ui,3.7.0.I20110602-0100,"org.eclipse.ui.edit.undo",1564472881830
executed,command,org.eclipse.ui,3.7.0.I20110602-0100,"org.eclipse.ui.edit.undo",1564472882050
executed,command,org.eclipse.ui,3.7.0.I20110602-0100,"org.eclipse.ui.edit.undo",1564472882364
executed,command,org.eclipse.ui,3.7.0.I20110602-0100,"org.eclipse.ui.edit.undo",1564472882896
deactivated,workbench,org.eclipse.ui.workbench,3.7.0.I20110519-0100,"",1564473086586
activated,workbench,org.eclipse.ui.workbench,3.7.0.I20110519-0100,"",1564473098961
executed,command,org.eclipse.ui,3.7.0.I20110602-0100,"org.eclipse.ui.file.save",1564473154797
executed,command,org.eclipse.ui,3.7.0.I20110602-0100,"org.eclipse.ui.edit.copy",1564473212370
executed,command,org.eclipse.ui,3.7.0.I20110602-0100,"org.eclipse.ui.edit.paste",1564473214280
executed,command,org.eclipse.ui,3.7.0.I20110602-0100,"org.eclipse.ui.edit.delete",1564473216803
executed,command,org.eclipse.ui,3.7.0.I20110602-0100,"org.eclipse.ui.edit.copy",1564473231811
executed,command,org.eclipse.ui,3.7.0.I20110602-0100,"org.eclipse.ui.edit.paste",1564473236699
executed,command,org.eclipse.ui,3.7.0.I20110602-0100,"org.eclipse.ui.edit.copy",1564473240284
executed,command,org.eclipse.ui,3.7.0.I20110602-0100,"org.eclipse.ui.edit.paste",1564473244748
executed,command,org.eclipse.ui,3.7.0.I20110602-0100,"org.eclipse.ui.edit.copy",1564473365668
deactivated,workbench,org.eclipse.ui.workbench,3.7.0.I20110519-0100,"",1564473369679
activated,workbench,org.eclipse.ui.workbench,3.7.0.I20110519-0100,"",1564473374973
deactivated,workbench,org.eclipse.ui.workbench,3.7.0.I20110519-0100,"",1564473375962
activated,workbench,org.eclipse.ui.workbench,3.7.0.I20110519-0100,"",1564473380254
executed,command,org.eclipse.ui,3.7.0.I20110602-0100,"org.eclipse.ui.edit.paste",1564473381475
executed,command,org.eclipse.cdt.ui,5.3.1.201109151620,"org.eclipse.cdt.ui.edit.opendecl",1564473392004
executed,command,org.eclipse.cdt.ui,5.3.1.201109151620,"org.eclipse.cdt.ui.edit.opendecl",1564473395529
executed,command,org.eclipse.ui,3.7.0.I20110602-0100,"org.eclipse.ui.file.save",1564473410100
executed,command,org.eclipse.ui.ide,3.7.0.v20110809-1737,"org.eclipse.ui.project.buildAll",1564473414814
activated,view,org.eclipse.ui.ide,3.7.0.v20110809-1737,"org.eclipse.ui.views.ProblemView",1564473420628
activated,editor,org.eclipse.cdt.ui,5.3.1.201109151620,"org.eclipse.cdt.ui.editor.CEditor",1564473420752
executed,command,org.eclipse.ui,3.7.0.I20110602-0100,"org.eclipse.ui.edit.paste",1564473424198
executed,command,org.eclipse.ui,3.7.0.I20110602-0100,"org.eclipse.ui.file.save",1564473425202
executed,command,org.eclipse.ui.ide,3.7.0.v20110809-1737,"org.eclipse.ui.project.buildAll",1564473425624
activated,view,org.eclipse.ui.ide,3.7.0.v20110809-1737,"org.eclipse.ui.views.ProblemView",1564473429132
activated,editor,org.eclipse.cdt.ui,5.3.1.201109151620,"org.eclipse.cdt.ui.editor.CEditor",1564473429259
executed,command,org.eclipse.ui,3.7.0.I20110602-0100,"org.eclipse.ui.edit.paste",1564473431703
executed,command,org.eclipse.ui,3.7.0.I20110602-0100,"org.eclipse.ui.edit.delete",1564473447961
executed,command,org.eclipse.ui,3.7.0.I20110602-0100,"org.eclipse.ui.edit.delete",1564473448102
executed,command,org.eclipse.ui,3.7.0.I20110602-0100,"org.eclipse.ui.file.save",1564473450068
executed,command,org.eclipse.ui.ide,3.7.0.v20110809-1737,"org.eclipse.ui.project.buildAll",1564473450413
deactivated,workbench,org.eclipse.ui.workbench,3.7.0.I20110519-0100,"",1564473454487
activated,workbench,org.eclipse.ui.workbench,3.7.0.I20110519-0100,"",1564473476105
deactivated,workbench,org.eclipse.ui.workbench,3.7.0.I20110519-0100,"",1564473477201
activated,workbench,org.eclipse.ui.workbench,3.7.0.I20110519-0100,"",1564473607388
deactivated,workbench,org.eclipse.ui.workbench,3.7.0.I20110519-0100,"",1564473609487
activated,workbench,org.eclipse.ui.workbench,3.7.0.I20110519-0100,"",1564473609565
executed,command,org.eclipse.cdt.ui,5.3.1.201109151620,"org.eclipse.cdt.ui.edit.opendecl",1564474472461
executed,command,org.eclipse.ui,3.7.0.I20110602-0100,"org.eclipse.ui.edit.copy",1564474737447
executed,command,org.eclipse.ui,3.7.0.I20110602-0100,"org.eclipse.ui.edit.paste",1564474739578
executed,command,org.eclipse.ui,3.7.0.I20110602-0100,"org.eclipse.ui.edit.copy",1564474748806
executed,command,org.eclipse.ui,3.7.0.I20110602-0100,"org.eclipse.ui.edit.paste",1564474751813
executed,command,org.eclipse.ui,3.7.0.I20110602-0100,"org.eclipse.ui.edit.copy",1564474800115
executed,command,org.eclipse.ui,3.7.0.I20110602-0100,"org.eclipse.ui.edit.copy",1564474811161
executed,command,org.eclipse.ui,3.7.0.I20110602-0100,"org.eclipse.ui.edit.paste",1564474813746
deactivated,workbench,org.eclipse.ui.workbench,3.7.0.I20110519-0100,"",1564474870908
activated,workbench,org.eclipse.ui.workbench,3.7.0.I20110519-0100,"",1564474878913
executed,command,org.eclipse.ui,3.7.0.I20110602-0100,"org.eclipse.ui.edit.copy",1564475082597
executed,command,org.eclipse.ui,3.7.0.I20110602-0100,"org.eclipse.ui.edit.paste",1564475086671
executed,command,org.eclipse.cdt.ui,5.3.1.201109151620,"org.eclipse.cdt.ui.edit.opendecl",1564475110648
executed,command,org.eclipse.ui,3.7.0.I20110602-0100,"org.eclipse.ui.edit.copy",1564475172531
executed,command,org.eclipse.ui,3.7.0.I20110602-0100,"org.eclipse.ui.edit.paste",1564475174410
executed,command,org.eclipse.ui.workbench.texteditor,3.7.0.v20110505-0800,"org.eclipse.ui.edit.text.goto.lineEnd",1564475187430
executed,command,org.eclipse.ui,3.7.0.I20110602-0100,"org.eclipse.ui.edit.copy",1564475191660
executed,command,org.eclipse.ui,3.7.0.I20110602-0100,"org.eclipse.ui.edit.paste",1564475193241
